user_id,minutesPassed,Purity,randIndex,NMI,numDocsLabeled,sLDAUpFreq
1,1,0.1509761388286334,3.227256611280597e-05,-0.0005228875942169804,3,0
